,Epsilons,A_0,E/M,Rounds
0.75,-0.22800772796346636,-0.17837406022619662,0.9144971020137002,8
