,Epsilons,A_0,E/M
0.1,-0.1695116609046996,-0.016628400460791056,0.991524416954765
0.2,-0.17738571964865668,-0.03527978316643514,0.9822614280351343
0.3,-0.18681573367539964,-0.0566099650809017,0.97197763994869
0.4,-0.1985218632642704,-0.08169864169247411,0.9602956273471459
0.5,-0.21387289781638438,-0.11254019330618267,0.946531775545904
0.6,-0.23613861196126273,-0.15369585523865636,0.9291584164116212
0.7,-0.2783546060801017,-0.22239537330000433,0.9025758878719644
