,Epsilons,A_0,E/M
0.7403,-0.3310324801199806,-0.29534076932285547,0.8774683274835892
0.7406,-0.3309926777394374,-0.29552580259581596,0.8774334114330863
0.7409,-0.3329273010790512,-0.29784187739930196,0.8766670813152655
0.7412,-0.33431610192617395,-0.29961829367474185,0.8761024526261599
0.7415,-0.33861608840461177,-0.30453796463650823,0.8744580852239902
0.7418,-0.3382991020106458,-0.30454213639131866,0.8745248630642515
0.7421,-0.3389114771347192,-0.30542322570792996,0.8742468964091624
0.7424,-0.340422992317622,-0.3073524891681895,0.8736349852516987
0.7427,-0.3407975374882886,-0.3080530675470659,0.873444834453724
